<repository lastmodified='20200417031204.400'>
  <resource id='com.adobe.aem.guides.aem-guides-wknd-events.core/0.0.1.SNAPSHOT' symbolicname='com.adobe.aem.guides.aem-guides-wknd-events.core' presentationname='WKND Events - Core' uri='com/adobe/aem/guides/aem-guides-wknd-events.core/0.0.1-SNAPSHOT/aem-guides-wknd-events.core-0.0.1-SNAPSHOT.jar' version='0.0.1.SNAPSHOT'>
    <description>Core bundle for WKND Events</description>
    <size>14523</size>
    <capability name='bundle'>
      <p n='symbolicname' v='com.adobe.aem.guides.aem-guides-wknd-events.core'/>
      <p n='presentationname' v='WKND Events - Core'/>
      <p n='version' t='version' v='0.0.1.SNAPSHOT'/>
      <p n='manifestversion' v='2'/>
    </capability>
    <capability name='package'>
      <p n='package' v='com.adobe.aem.guides.wkndevents.core.models'/>
      <p n='version' t='version' v='0.0.1'/>
      <p n='uses:' v='com.adobe.cq.export.json,com.adobe.cq.export.json.hierarchy,com.fasterxml.jackson.annotation'/>
    </capability>
    <capability name='package'>
      <p n='package' v='com.adobe.aem.guides.wkndevents.core'/>
      <p n='version' t='version' v='1.0.0'/>
    </capability>
    <require name='package' filter='(&amp;(package=javax.inject))' extend='false' multiple='false' optional='false'>Import package javax.inject;version=0.0.0</require>
    <require name='package' filter='(&amp;(package=com.adobe.aem.guides.wkndevents.core.models))' extend='false' multiple='false' optional='false'>Import package com.adobe.aem.guides.wkndevents.core.models</require>
    <require name='package' filter='(&amp;(package=com.adobe.cq.export.json)(version&gt;=2.0.0)(!(version&gt;=3.0.0)))' extend='false' multiple='false' optional='false'>Import package com.adobe.cq.export.json;version="[2.0,3)"</require>
    <require name='package' filter='(&amp;(package=com.adobe.cq.export.json.hierarchy)(version&gt;=1.0.0)(!(version&gt;=2.0.0)))' extend='false' multiple='false' optional='false'>Import package com.adobe.cq.export.json.hierarchy;version="[1.0,2)"</require>
    <require name='package' filter='(&amp;(package=com.day.cq.wcm.api)(version&gt;=1.27.0)(!(version&gt;=2.0.0)))' extend='false' multiple='false' optional='false'>Import package com.day.cq.wcm.api;version="[1.27,2)"</require>
    <require name='package' filter='(&amp;(package=com.day.cq.wcm.api.components)(version&gt;=5.8.0)(!(version&gt;=6.0.0)))' extend='false' multiple='false' optional='false'>Import package com.day.cq.wcm.api.components;version="[5.8,6)"</require>
    <require name='package' filter='(&amp;(package=com.day.cq.wcm.api.designer)(version&gt;=5.9.0)(!(version&gt;=6.0.0)))' extend='false' multiple='false' optional='false'>Import package com.day.cq.wcm.api.designer;version="[5.9,6)"</require>
    <require name='package' filter='(&amp;(package=com.day.cq.wcm.api.policies)(version&gt;=1.6.0)(!(version&gt;=2.0.0)))' extend='false' multiple='false' optional='false'>Import package com.day.cq.wcm.api.policies;version="[1.6,2)"</require>
    <require name='package' filter='(&amp;(package=com.fasterxml.jackson.annotation)(version&gt;=2.8.0)(!(version&gt;=3.0.0)))' extend='false' multiple='false' optional='false'>Import package com.fasterxml.jackson.annotation;version="[2.8,3)"</require>
    <require name='package' filter='(&amp;(package=com.fasterxml.jackson.databind.annotation)(version&gt;=2.8.0)(!(version&gt;=3.0.0)))' extend='false' multiple='false' optional='false'>Import package com.fasterxml.jackson.databind.annotation;version="[2.8,3)"</require>
    <require name='package' filter='(&amp;(package=javax.annotation))' extend='false' multiple='false' optional='false'>Import package javax.annotation</require>
    <require name='package' filter='(&amp;(package=org.apache.commons.lang3)(version&gt;=3.5.0)(!(version&gt;=4.0.0)))' extend='false' multiple='false' optional='false'>Import package org.apache.commons.lang3;version="[3.5,4)"</require>
    <require name='package' filter='(&amp;(package=org.apache.sling.api)(version&gt;=2.3.0)(!(version&gt;=3.0.0)))' extend='false' multiple='false' optional='false'>Import package org.apache.sling.api;version="[2.3,3)"</require>
    <require name='package' filter='(&amp;(package=org.apache.sling.api.request)(version&gt;=2.4.0)(!(version&gt;=3.0.0)))' extend='false' multiple='false' optional='false'>Import package org.apache.sling.api.request;version="[2.4,3)"</require>
    <require name='package' filter='(&amp;(package=org.apache.sling.api.resource)(version&gt;=2.10.0)(!(version&gt;=3.0.0)))' extend='false' multiple='false' optional='false'>Import package org.apache.sling.api.resource;version="[2.10,3)"</require>
    <require name='package' filter='(&amp;(package=org.apache.sling.api.wrappers)(version&gt;=2.6.0)(!(version&gt;=3.0.0)))' extend='false' multiple='false' optional='false'>Import package org.apache.sling.api.wrappers;version="[2.6,3)"</require>
    <require name='package' filter='(&amp;(package=org.apache.sling.models.annotations)(version&gt;=1.5.0)(!(version&gt;=2.0.0)))' extend='false' multiple='false' optional='false'>Import package org.apache.sling.models.annotations;version="[1.5,2)"</require>
    <require name='package' filter='(&amp;(package=org.apache.sling.models.annotations.injectorspecific)(version&gt;=1.1.0)(!(version&gt;=2.0.0)))' extend='false' multiple='false' optional='false'>Import package org.apache.sling.models.annotations.injectorspecific;version="[1.1,2)"</require>
    <require name='package' filter='(&amp;(package=org.apache.sling.models.factory)(version&gt;=1.4.0)(!(version&gt;=2.0.0)))' extend='false' multiple='false' optional='false'>Import package org.apache.sling.models.factory;version="[1.4,2)"</require>
  </resource>
</repository>